﻿Designator,Quantity,Value,Footprint,Package,MPN,DNP,Mount_Type,Description,Purchase,LCSC,Sim.Device,Sim.Pins,Digikey,JLCPCB,MF,MAXIMUM_PACKAGE_HEIGHT,Price,Check_prices,STANDARD,PARTREV,SnapEDA_Link,MP,Description_1,Availability,MANUFACTURER,LSCS,Purchase-URL
", , , ",4,,d7d3f97e-8634-446f-a052-60447301ad40,,,,tht,,,,,,,,,,,,,,,,,,,,
C1,1,100uF 35V,CAP_EEEFK1V101P,,EEE-FK1V101P,,smt,Polarized capacitor,Yes,,,,,,,,,,,,,,,,,,
C10,1,10uF 16V,C_0603_1608Metric,,GRT188R61C106KE13D,,smt,Unpolarized capacitor,Yes,,,,,,,,,,,,,,,,,,
"C11, C12",2,1uF 12V,C_0805_2012Metric,,CL21B105KAFNNNE,,smt,Unpolarized capacitor,Yes,,,,,,,,,,,,,,,,,,
C13,1,0.1uF 25V,C_0603_1608Metric,,CL10B104KA8NNNC,,smt,Unpolarized capacitor,Yes,,,,,,,,,,,,,,,,,,
C15,1,0.1uF 50V,C_0603_1608Metric,,GRM155R71H104KE14D,,smt,Unpolarized capacitor,Yes,C14663,,,,,,,,,,,,,,,,,
C16,1,10uF 12V,C_0603_1608Metric,,CL10X106MO8NRNC,,smt,Unpolarized capacitor,Yes,C96446,,,,,,,,,,,,,,,,,
"C17, C19",2,10uF 25V,C_0603_1608Metric,,GRM188R61E106MA73D,,smt,Unpolarized capacitor,Yes,,,,,,,,,,,,,,,,,,
"C18, C20",2,0.1uF 25V,C_0402_1005Metric,,GRM155R71E104KE14D,,smt,Unpolarized capacitor,Yes,,,,,,,,,,,,,,,,,,
C2,1,10uF 25V,C_0805_2012Metric,,CL21A106KAYNNNE,,smt,Unpolarized capacitor,Yes,,,,,,,,,,,,,,,,,,
"C21, C22, C23, C24",4,0.1uF 12V,C_0603_1608Metric,,CL10B104KA8NNNC,,smt,Unpolarized capacitor,Yes,,,,,,,,,,,,,,,,,,
"C25, C26",2,10uF 12V,C_0805_2012Metric,,GRT188R61C106KE13D,,smt,Unpolarized capacitor,Yes,,,,,,,,,,,,,,,,,,
C27,1,2.2uF 35V,C_0603_1608Metric,,https://www.digikey.ca/en/products/detail/murata-electronics/GRM188R6YA225KA12D/3900456,,smt,Unpolarized capacitor,Yes,,,,,,,,,,,,,,,,,,
"C28, C31, C32, C34, C42, C43",6,0.1uF 50V,C_0603_1608Metric,,GRM188R71H104KA93D,,smt,Unpolarized capacitor,Yes,,,,,,,,,,,,,,,,,,
C29,1,22nF 50V,C_0603_1608Metric,,CL10B223KB8NNNC,,smt,Unpolarized capacitor,Yes,,,,,,,,,,,,,,,,,,
C3,1,47 nF 50V,C_0603_1608Metric,,GCM188R71H473KA55D,,smt,Unpolarized capacitor,Yes,,,,,,,,,,,,,,,,,,
C30,1,4.7uF 50V,C_0805_2012Metric,,CL21A475KBQNNNE,,smt,Unpolarized capacitor,Yes,,,,,,,,,,,,,,,,,,
C33,1,220uF 35V,CAP_EEEFK1V101P,,EEE-FK1V221P,,smt,Polarized capacitor,Yes,,,,,,,,,,,,,,,,,,
C35,1,0.1uF 12V,C_0603_1608Metric,,GRM188R71H104KA93D,,smt,Unpolarized capacitor,Yes,C15849,,,,,,,,,,,,,,,,,
C36,1,0.1uF 12V,C_0402_1005Metric,,GRM155R71H104KE14D,,smt,Unpolarized capacitor,Yes,,,,,,,,,,,,,,,,,,
C37,1,10uF 50V,C_1206_3216Metric,,CL31A106KBHNNNE,,smt,Unpolarized capacitor,Yes,,,,,,,,,,,,,,,,,,
C4,1,3.3nF 16V,C_0402_1005Metric,,GRM155R71H332KA01D,,smt,Unpolarized capacitor,Yes,,,,,,,,,,,,,,,,,,
C41,1,100uF 35V,CAP_EEHZK1V101XP,,UWT1V101MCL1GS,,smt,Polarized capacitor,,,,,,,,,,,,,,,,,,,
C5,1,47nF 25V,C_0603_1608Metric,,GRM188R71H473KA61D,,smt,Unpolarized capacitor,Yes,,,,,,,,,,,,,,,,,,
C6,1,47uF 16V,C_0805_2012Metric,,GRM21BR61A476ME15L,,smt,Unpolarized capacitor,Yes,,,,,,,,,,,,,,,,,,
C7,1,0.47uF 16V,C_0603_1608Metric,,C1608X7R1C474K080AC,,smt,Unpolarized capacitor,Yes,,,,,,,,,,,,,,,,,,
C8,1,22uF 16V,C_0805_2012Metric,,CL21A226MOQNNNE,,smt,Unpolarized capacitor,Yes,,,,,,,,,,,,,,,,,,
C9,1,47uF 12V,C_0805_2012Metric,,GRM21BR61A476ME15L,,smt,Unpolarized capacitor,Yes,,,,,,,,,,,,,,,,,,
D1,1,SS14,D_SMA,,SS24,,smt,"40V 1A Schottky Diode, SMA",Yes,,,,,,,,,,,,,,,,,,
"D10, D11",2,SMAJ5.0A,D_SMA,,SMAJ15A,,smt,"400W unidirectional Transient Voltage Suppressor, 15.0Vr, SMA(DO-214AC)",Yes,,,,,,,,,,,,,,,,,,
D12,1,P0D,D_SMA,,SS14,,smt,Diode,Yes,,D,1=K 2=A,,,,,,,,,,,,,,,
D13,1,P1D,D_SMA,,SS14,,smt,Diode,Yes,,D,1=K 2=A,,,,,,,,,,,,,,,
D14,1,USB-LED,LED_0603_1608Metric,,150060GS75000,,smt,Light emitting diode,Yes,,,,,,,,,,,,,,,,,,
D2,1,SMAJ15A,D_SMA,,SMAJ15A,,smt,"400W unidirectional Transient Voltage Suppressor, 15.0Vr, SMA(DO-214AC)",Yes,,,,,,,,,,,,,,,,,,
D3,1,D_Zener,D_SOD-123,,BZT52C12,,smt,Zener diode,Yes,,,,,,,,,,,,,,,,,,
D4,1,12V-LED,LED_0805_2012Metric,,APT2012ZGCK,,smt,Light emitting diode,Yes,,,,,,,,,,,,,,,,,,
D5,1,3V3-LED,LED_0805_2012Metric,,APT2012ZGCK,,smt,Light emitting diode,Yes,,,,,,,,,,,,,,,,,,
D6,1,BUCK-LED,LED_0603_1608Metric,,150060GS75000,,smt,Light emitting diode,Yes,,,,,,,,,,,,,,,,,,
D7,1,SYS-LED,LED_WS2812B_PLCC4_5.0x5.0mm_P3.2mm,,COM-24837,,smt,Adressable RGB LED,Yes,,,,1568-COM-16347CT-ND,,,,,,,,,,,,,,
D8,1,WIFI-LED,LED_0805_2012Metric,,150080BS75000,,smt,Light emitting diode,Yes,,,,,,,,,,,,,,,,,,
D9,1,DEBUG-LED,LED_0805_2012Metric,,150080RS75000,,smt,Light emitting diode,Yes,,,,,,,,,,,,,,,,,,
F1,1,Polyfuse,FUSER_0ZCG0260BF2B,,0ZCG0260BF2B,,smt,2.6A 18V PTC Resettable Fuse,Yes,,,,,,,,,,,,,,,,,,
FB1,1,FerriteBead,BEADC2012X105N,,MPZ2012S221AT000,,smt,Ferrite bead,,,,,,,,,,,,,,,,,,,
J1,1,Barrel_Jack,BarrelJack_Horizontal,,N/A,,tht,DC Barrel Jack,No,,,,,,,,,,,,,,,,,,
J2,1,USB_C_Female_USB2_Small,USB_C_DB-108PWB,,USB4105-GF-A-120,,smt,USB-C Connector,Yes,,,,,C5178541,,,,,,,,,,,,,
J3,1,SMS-CONN-0,CONN03_530480310_MOL,,N/A,,tht,"Generic connector, single row, 01x03, script generated (kicad-library-utils/schlib/autogen/connector/)",No,,,,,,,,,,,,,,,,,,
J4,1,SMS-CONN-1,CONN03_530480310_MOL,,N/A,,tht,"Generic connector, single row, 01x03, script generated (kicad-library-utils/schlib/autogen/connector/)",No,,,,,,,,,,,,,,,,,,
J5,1,ALS_CONN,MOLEX_530480410,,N/A,,tht,"Generic connector, single row, 01x04, script generated (kicad-library-utils/schlib/autogen/connector/)",No,,,,,,,,,,,,,,,,,,
J6,1,PUMP0-CONN,MOLEX_530480210,,N/A,,tht,"Generic connector, single row, 01x02, script generated (kicad-library-utils/schlib/autogen/connector/)",No,,,,,,,,,,,,,,,,,,
J7,1,PUMP1-CONN,MOLEX_530480210,,N/A,,tht,"Generic connector, single row, 01x02, script generated (kicad-library-utils/schlib/autogen/connector/)",No,,,,,,,,,,,,,,,,,,
J8,1,STEP-CONN,MOLEX_530480410,,N/A,,tht,"Generic connector, single row, 01x04, script generated (kicad-library-utils/schlib/autogen/connector/)",No,,,,,,,,,,,,,,,,,,
L1,1,L,IND_IFSC_1515AH_VIS,,IFSC1515AHER100M01,,smt,Inductor,Yes,,,,,,,,,,,,,,,,,,
Q1,1,DMP6023LE-13,SOT-223,,DMP6023LE-13,,smt,"-27A Id, -60V Vds, QFET P-Channel MOSFET, TO-220",Yes,,,,,,,,,,,,,,,,,,
"Q2, Q3",2,AO3400A,SOT-23,TO-220 Infineon,AO3400A,,smt,N-Channel Mosfet,Yes,,,,,,Infineon Technologies,19.3mm,None,https://www.snapeda.com/parts/IRLZ44N/Infineon/view-part/?ref=eda,IPC-7351B,11/11/03,https://www.snapeda.com/parts/IRLZ44N/Infineon/view-part/?ref=snap,IRLZ44N,"
                        
                            N-Channel 55 V 47A (Tc) 3.8W (Ta), 110W (Tc) Surface Mount D2PAK
                        
",Not in stock,Infineon,,
R1,1,15k,R_0402_1005Metric,,ERJ-2RKF1502X,,smt,Resistor,Yes,,,,,,,,,,,,,,,,,,
"R10, R11",2,5.1k,R_0603_1608Metric,,ERJ-3EKF5101V,,smt,Resistor,Yes,C23186,,,,,,,,,,,,,,,,,
"R12, R13, R14",3,4.7k,R_0402_1005Metric,,RC0402FR-074K7L,,smt,Resistor,Yes,,,,,,,,,,,,,,,,,,
"R15, R16, R27, R6",4,1k,R_0402_1005Metric,,ERJ-2RKF1001X,,smt,"[R15,R16,R27]Resistor; [R6]Current Limiting Resistor",Yes,,,,,,,,,,,,,,,,,,
"R17, R18, R21",3,1k,R_0603_1608Metric,,ERJ-3EKF1001V,,smt,Resistor,Yes,,,,,,,,,,,,,,,,,,
"R19, R20, R22, R24",4,10k,R_0603_1608Metric,,ERJ-3EKF1002V,,smt,Resistor,Yes,,,,,,,,,,,,,,,,,,
R2,1,100k,R_0402_1005Metric,,ERJ-2RKF1003X,,smt,Gate Pull-Down Resistor,Yes,,,,,,,,,,,,,,,,,,
R23,1,1k,R_0603_1608Metric,,https://industrial.panasonic.com/cdbs/www-data/pdf/RDA0000/AOA0000C304.pdf,,smt,Resistor,Yes,,,,,,,,,,,,,,,,,,
"R25, R26",2,0.11,R_1206_3216Metric,,RL1206FR-070R11L,,smt,Resistor,Yes,,,,,,,,,,,,,,,,,,
R28,1,1.5k,R_0402_1005Metric,,ERJ-2RKF1501X,,smt,Resistor,Yes,,,,,,,,,,,,,,,,,,
"R29, R31",2,10k,R_0402_1005Metric,,ERJ-2RKF1002X,,smt,Resistor,Yes,,,,,,,,,,,,,,,,,C25804,
R3,1,100k,R_0402_1005Metric,,,,smt,Resistor,Yes,,,,,,,,,,,,,,,,,,
"R30, R7",2,330,R_0402_1005Metric,,ERJ-2GEJ331X,,smt,Resistor,Yes,,,,,,,,,,,,,,,,,,
"R4, R5",2,4.7K,R_0603_1608Metric,,ERJ-3EKF4701V,,smt,[R4]Resistor; [R5]Current Limiting Resistor,Yes,,,,,,,,,,,,,,,,,,
R8,1,47,R_0402_1005Metric,,ERJ-2GEJ331X,,smt,Resistor,Yes,,,,,,,,,,,,,,,,,,
SW1,1,SW_RESET,SW_PUSH_6mm,,1825910-6,,tht,"Push button switch, generic, two pins",N/A,,,,,,,,,,,,,,,,,,
SW2,1,SW_BOOT,SW_PUSH_6mm,,1825910-6,,tht,"Push button switch, generic, two pins",N/A,,,,,,,,,,,,,,,,,,
TP1,1,TX,TestPoint_Pad_1.0x1.0mm,,N/A,,tht,test point,N/A,,,,,,,,,,,,,,,,,,
TP2,1,RX,TestPoint_Pad_1.0x1.0mm,,N/A,,tht,test point,N/A,,,,,,,,,,,,,,,,,,
TP3,1,TP_5V-U,TestPoint_Pad_1.0x1.0mm,,N/A,,tht,test point,N/A,,,,,,,,,,,,,,,,,,
TP4,1,TP_12V,TestPoint_Pad_1.0x1.0mm,,N/A,,tht,test point,N/A,,,,,,,,,,,,,,,,,,
TP5,1,TP_3V3,TestPoint_Pad_1.0x1.0mm,,N/A,,tht,test point,N/A,,,,,,,,,,,,,,,,,,
TP6,1,TP-5V-B,TestPoint_Pad_1.0x1.0mm,,N/A,,tht,test point,N/A,,,,,,,,,,,,,,,,,,
TP7,1,TP-GND,TestPoint_Pad_1.0x1.0mm,,N/A,,tht,test point,,,,,,,,,,,,,,,,,,,
U1,1,ESP32-S3-WROOM-1,XCVR_ESP32-S3-WROOM-1-N16R2,,,,smt,"RF Module, ESP32-S3 SoC, Wi-Fi 802.11b/g/n, Bluetooth, BLE, 32-bit, 3.3V, onboard antenna, SMD",Yes,,,,,,,,,,,,,,,,,,
U2,1,TPS5405DR,SOIC127P599X175-8N,SOIC-8 Texas Instruments,TPS5405DR,,smt,Buck Converter IC (Fixed Vout 5V),Yes,,,,,,Texas Instruments,,None,https://www.snapeda.com/parts/TPS5405DR/Texas+Instruments/view-part/?ref=eda,,,https://www.snapeda.com/parts/TPS5405DR/Texas+Instruments/view-part/?ref=snap,TPS5405DR,"
                        
                            6.5V to 28V Input, 5V Fixed Output at 2A Step-Down Regulator with Intregrated MosFET
                        
",In Stock,,,https://www.snapeda.com/api/url_track_click_mouser/?unipart_id=801767&manufacturer=Texas Instruments&part_name=TPS5405DR&search_term=None
"U3, U4",2,ID_LM66100DCKR,SC-70-6,,LM66100DCKR,,smt,ID Diodes,Yes,,,,,C2869734,,,,,,,,,,,,,
U5,1,ADS1115IDGS,TSSOP-10_3x3mm_P0.5mm,,ADS1115IDGSR,,smt,"Ultra-Small, Low-Power, I2C-Compatible, 860-SPS, 16-Bit ADCs With Internal Reference, Oscillator, and Programmable Comparator, VSSOP-10",Yes,,,,,,,,,,,,,,,,,,
"U6, U7",2,SI2301,TO-236_VIS,,SI2301CDS-T1-GE3,,smt,P-Channel Mosfet,Yes,,,,,,,,,,,,,,,,,,
U8,1,TMC2209,QFN28_5X5_TRI,,TMC2209-LA-T,,smt,Stepper Motor Driver,Yes,,,,,,,,,,,,,,,,,,
VR1,1,LM3940IMP-3.3_NOPB,VREG_LM3940IMP-3.3_NOPB,SOT-223-4 Texas Instruments,LM3940IMP-3.3/NOPB,,smt,LDO (5V-3.3V),Yes,,,,,,Texas Instruments,1.80 mm,None,https://www.snapeda.com/parts/LM3940IMP-3.3/NOPB/Texas+Instruments/view-part/?ref=eda,Manufacturer Recommendations,G,https://www.snapeda.com/parts/LM3940IMP-3.3/NOPB/Texas+Instruments/view-part/?ref=snap,LM3940IMP-3.3/NOPB,"
                        
                            1-A, low-dropout voltage regulator for 5-V to 3.3-V conversion
                        
",In Stock,Texas Instruments,,https://www.snapeda.com/api/url_track_click_mouser/?unipart_id=21630&manufacturer=Texas Instruments&part_name=LM3940IMP-3.3/NOPB&search_term=None
