﻿pos_x,pos_y,rotation,side,designator,mpn,pack,footprint,value,mount_type
145.77,-66.48,0.0,top,,,,d7d3f97e-8634-446f-a052-60447301ad40,,tht
98.89,-113.43,0.0,top,,,,d7d3f97e-8634-446f-a052-60447301ad40,,tht
95.59,-113.43,180.0,bottom,,,,d7d3f97e-8634-446f-a052-60447301ad40,,tht
142.46,-66.51,180.0,bottom,,,,d7d3f97e-8634-446f-a052-60447301ad40,,tht
135.55,-61.5,0.0,top,C1,EEE-FK1V101P,,CAP_EEEFK1V101P,100uF ,smt
96.295,-66.03,0.0,top,C10,GRT188R61C106KE13D,,C_0603_1608Metric,10uF ,smt
117.62,-66.4,0.0,top,C11,CL21B105KAFNNNE,,C_0805_2012Metric,1uF ,smt
117.56,-68.97,0.0,top,C12,CL21B105KAFNNNE,,C_0805_2012Metric,1uF ,smt
92.91,-73.105,90.0,top,C13,CL10B104KA8NNNC,,C_0603_1608Metric,0.1uF ,smt
93.79,-83.38,-90.0,top,C14,CC0603KRX7R9BB104,,C_0603_1608Metric,0.1uF,smt
132.0,-123.15,0.0,top,C15,CC0603KRX7R9BB104,,C_0603_1608Metric,0.1uF,smt
132.0,-124.66,0.0,top,C16,CL10X106MO8NRNC,,C_0603_1608Metric,10uF ,smt
90.82,-107.47,0.0,top,C17,GRM188R61E106MA73D,,C_0603_1608Metric,10uF ,smt
90.89,-108.73,0.0,top,C18,GRM155R71E104KE14D,,C_0402_1005Metric,0.1uF ,smt
114.25,-91.13,-90.0,top,C19,GRM188R61E106MA73D,,C_0603_1608Metric,10uF ,smt
129.3,-64.0,0.0,top,C2,CL21A106KAYNNNE,,C_0805_2012Metric,10uF ,smt
112.5,-91.245,-90.0,top,C20,GRM155R71E104KE14D,,C_0402_1005Metric,0.1uF ,smt
102.82,-91.455,-90.0,top,C21,CL10B104KA8NNNC,,C_0603_1608Metric,0.1uF ,smt
104.38,-91.45,90.0,top,C22,CL10B104KA8NNNC,,C_0603_1608Metric,0.1uF ,smt
96.91,-85.185,90.0,top,C23,CL10B104KA8NNNC,,C_0603_1608Metric,0.1uF ,smt
94.57,-76.9,180.0,top,C24,CL10B104KA8NNNC,,C_0603_1608Metric,0.1uF ,smt
98.19,-88.78,90.0,top,C25,CL21B106KOQNNN,,C_0805_2012Metric,10uF ,smt
99.04,-76.58,0.0,top,C26,CL21B106KOQNNN,,C_0805_2012Metric,10uF ,smt
148.49,-114.77,-90.0,top,C27,https://www.digikey.ca/en/products/detail/murata-electronics/GRM188R6YA225KA12D/3900456,,C_0603_1608Metric,2.2uF ,smt
149.180001,-111.5743,90.0,top,C28,CC0603KRX7R9BB104,,C_0603_1608Metric,0.1uF,smt
141.75,-106.5,-90.0,top,C29,CL10B223KB8NNNC,,C_0603_1608Metric,22nF ,smt
128.225,-65.945,180.0,top,C3,GCM188R71H473KA55D,,C_0603_1608Metric,47 nF ,smt
146.640001,-112.0443,-90.0,top,C30,CL21A475KBQNNNE,,C_0805_2012Metric,4.7uF ,smt
144.600001,-111.5693,-90.0,top,C31,CC0603KRX7R9BB104,,C_0603_1608Metric,0.1uF,smt
143.100001,-111.5693,-90.0,top,C32,CC0603KRX7R9BB104,,C_0603_1608Metric,0.1uF,smt
138.62,-99.75,0.0,top,C33,EEE-FK1V221P,,CAP_EEEFK1V101P,220uF ,smt
152.96,-104.315,90.0,top,C34,CC0603KRX7R9BB104,,C_0603_1608Metric,0.1uF,smt
131.99,-121.37,0.0,top,C35,GRM188R71H104KA93D,,C_0603_1608Metric,0.1uF ,smt
98.78,-104.07,0.0,top,C36,GRM155R71H104KE14D,,C_0402_1005Metric,0.1uF ,smt
97.4,-105.87,0.0,top,C37,CL31A106KBHNNNE,,C_1206_3216Metric,10uF ,smt
137.045,-69.72,90.0,top,C4,GRM155R71H332KA01D,,C_0402_1005Metric,3.3nF ,smt
142.85,-85.1,180.0,top,C41,EEH-ZK1V101XP,,CAP_EEHZK1V101XP,100uF ,smt
149.16,-77.76,0.0,top,C42,CC0603KRX7R9BB104,,C_0603_1608Metric,0.1uF,smt
149.185,-86.98,0.0,top,C43,CC0603KRX7R9BB104,,C_0603_1608Metric,0.1uF,smt
127.6,-73.8,90.0,top,C5,GRM188R71H473KA61D,,C_0603_1608Metric,47nF ,smt
136.65,-71.8,0.0,top,C6,GRM21BR61A476ME15L,,C_0805_2012Metric,47uF ,smt
96.295,-64.54,0.0,top,C7,C1608X7R1C474K080AC,,C_0603_1608Metric,0.47uF ,smt
94.8,-73.85,90.0,top,C8,CL21A226MOQNNNE,,C_0805_2012Metric,22uF ,smt
114.05,-70.6,0.0,top,C9,GRM21BR61A476ME15L,,C_0805_2012Metric,47uF ,smt
138.145,-74.56,0.0,top,D1,SS24,,D_SMA,SS24,smt
149.39,-91.4,-90.0,top,D12,SS14,,D_SMA,P0D,smt
149.39,-82.19,-90.0,top,D13,SS14,,D_SMA,P1D,smt
142.7125,-117.5,0.0,top,D14,150060GS75000,,LED_0603_1608Metric,USB-LED,smt
112.8,-60.8,0.0,top,D2,SMAJ15A,,D_SMA,SMAJ15A,smt
127.18,-56.27,-90.0,top,D3,BZT52C12,,D_SOD-123,D_Zener,smt
119.62,-73.108,180.0,top,D4,APT2012ZGCK,,LED_0805_2012Metric,12V-LED,smt
119.5325,-76.64,180.0,top,D5,APT2012ZGCK,,LED_0805_2012Metric,3V3-LED,smt
106.58,-48.7325,90.0,top,D6,150060GS75000,,LED_0603_1608Metric,BUCK-LED,smt
100.65,-99.82,90.0,top,D7,COM-24837,,LED_WS2812B_PLCC4_5.0x5.0mm_P3.2mm,SYS-LED,smt
107.37,-113.05,0.0,top,D8,150080BS75000,,LED_0805_2012Metric,WIFI-LED,smt
107.33,-110.3,0.0,top,D9,150080RS75000,,LED_0805_2012Metric,DEBUG-LED,smt
107.6,-55.2,90.0,top,F1,0ZCG0260BF2B,,FUSER_0ZCG0260BF2B,Polyfuse,smt
125.25,-63.86,-90.0,top,FB1,MPZ2012S221AT000,,BEADC2012X105N,FerriteBead,smt
100.71,-60.865,-90.0,top,J1,N/A,,BarrelJack_Horizontal,Barrel_Jack,tht
138.75,-122.0,0.0,top,J2,USB4105-GF-A-120,,USB_C_DB-108PWB,USB_C_Female_USB2_Small,smt
88.43,-88.29,90.0,top,J3,N/A,,S03BPASK2LFSN,SMS-CONN-0,tht
88.46,-77.79,90.0,top,J4,N/A,,S03BPASK2LFSN,SMS-CONN-1,tht
88.585301,-104.163149,90.0,top,J5,N/A,,CONN4_S04B-PASK_JST,ALS_CONN,tht
155.184699,-86.8149,-90.0,top,J6,N/A,,CONN2_S02B-PASK-2_JST,PUMP0-CONN,tht
155.154699,-79.8449,-90.0,top,J7,N/A,,CONN2_S02B-PASK-2_JST,PUMP1-CONN,tht
155.164699,-93.976852,-90.0,top,J8,N/A,,CONN4_S04B-PASK_JST,STEP-CONN,tht
131.14,-75.4,0.0,top,L1,IFSC1515AHER100M01,,IND_IFSC_1515AH_VIS,L,smt
120.88,-57.6,0.0,top,Q1,DMP6023LE-13,,SOT-223,DMP6023LE-13,smt
145.6325,-91.745,90.0,top,Q2,AO3400A,TO-220 Infineon,SOT-23,AO3400A,smt
145.68,-75.3125,90.0,top,Q3,AO3400A,TO-220 Infineon,SOT-23,AO3400A,smt
135.565,-70.2,0.0,top,R1,ERJ-2RKF1502X,,R_0402_1005Metric,15k,smt
135.75,-116.0,90.0,top,R10,ERJ-3EKF5101V,,R_0603_1608Metric,5.1k,smt
141.5,-114.5,90.0,top,R11,ERJ-3EKF5101V,,R_0603_1608Metric,5.1k,smt
102.8,-119.89,90.0,top,R12,RC0402FR-074K7L,,R_0402_1005Metric,4.7k,smt
105.0,-119.89,-90.0,top,R13,RC0402FR-074K7L,,R_0402_1005Metric,4.7k,smt
104.98,-87.82,-90.0,top,R14,RC0402FR-074K7L,,R_0402_1005Metric,4.7k,smt
100.65,-92.47,0.0,top,R15,ERJ-2RKF1001X,,R_0402_1005Metric,1k,smt
100.65,-91.49,0.0,top,R16,ERJ-2RKF1001X,,R_0402_1005Metric,1k,smt
94.2,-93.215,90.0,top,R17,ERJ-3EKF1001V,,R_0603_1608Metric,1k,smt
95.31,-83.385,90.0,top,R18,ERJ-3EKF1001V,,R_0603_1608Metric,1k,smt
96.66,-92.5,180.0,top,R19,ERJ-3EKF1002V,,R_0603_1608Metric,10k,smt
126.89,-59.6,0.0,top,R2,ERJ-2RKF1003X,,R_0402_1005Metric,100k,smt
98.165,-82.61,180.0,top,R20,ERJ-3EKF1002V,,R_0603_1608Metric,10k,smt
141.0325,-90.545,0.0,top,R21,ERJ-3EKF1001V,,R_0603_1608Metric,1k,smt
141.7875,-93.025,90.0,top,R22,ERJ-3EKF1002V,,R_0603_1608Metric,10k,smt
142.025,-77.51,0.0,top,R23,ERJ-3EKF1001V,,R_0603_1608Metric,1k,smt
142.77,-79.905,90.0,top,R24,ERJ-3EKF1002V,,R_0603_1608Metric,10k,smt
145.8,-98.5,90.0,top,R25,RL1206FR-070R11L,,R_1206_3216Metric,0.11,smt
149.75,-99.2543,90.0,top,R26,RL1206FR-070R11L,,R_1206_3216Metric,0.11,smt
151.65,-109.47,0.0,top,R27,ERJ-2RKF1001X,,R_0402_1005Metric,1k,smt
145.0,-118.5,90.0,top,R28,ERJ-2RKF1501X,,R_0402_1005Metric,1.5k,smt
132.94,-119.57,-90.0,top,R29,ERJ-2RKF1002X,,R_0402_1005Metric,10k,smt
125.985,-70.175,0.0,top,R3,ERJ-2RKF1003X,,R_0402_1005Metric,100k,smt
97.19,-97.27,-90.0,top,R30,ERJ-2GEJ331X,,R_0402_1005Metric,330,smt
110.4,-108.4,-90.0,top,R31,ERJ-2RKF1002X,,R_0402_1005Metric,10k,smt
108.33,-48.745,-90.0,top,R4,ERJ-3EKF4701V,,R_0603_1608Metric,4.7K,smt
117.03,-72.633,-90.0,top,R5,ERJ-3EKF4701V,,R_0603_1608Metric,4.7K,smt
116.955,-76.6,-90.0,top,R6,ERJ-2RKF1001X,,R_0402_1005Metric,1k,smt
109.45,-116.95,180.0,top,R7,ERJ-2GEJ331X,,R_0402_1005Metric,330,smt
109.46,-115.86,180.0,top,R8,ERJ-2GEJ331X,,R_0402_1005Metric,47,smt
122.14,-100.75,0.0,top,SW1,1825910-6,,SW_PUSH_6mm,SW_RESET,tht
112.33,-100.72,0.0,top,SW2,1825910-6,,SW_PUSH_6mm,SW_BOOT,tht
120.72,-120.89,180.0,top,U1,ESP32-S3-WROOM-1-N16R8,,XCVR_ESP32-S3-WROOM-1-N16R2,ESP32-S3-WROOM-1,smt
130.735,-69.6,0.0,top,U2,TPS5405DR,SOIC-8 Texas Instruments,SOIC127P599X175-8N,TPS5405DR,smt
113.99,-65.48,180.0,top,U3,LM66100DCKR,,SC-70-6,ID_LM66100DCKR,smt
113.99,-68.09,180.0,top,U4,LM66100DCKR,,SC-70-6,ID_LM66100DCKR,smt
108.48,-89.7,0.0,top,U5,ADS1115IDGSR,,TSSOP-10_3x3mm_P0.5mm,ADS1115IDGS,smt
95.009999,-89.534,0.0,top,U6,SI2301CDS-T1-GE3,,TO-236_VIS,SI2301,smt
95.209999,-79.834,0.0,top,U7,SI2301CDS-T1-GE3,,TO-236_VIS,SI2301,smt
147.47,-106.32,0.0,top,U8,TMC2209-LA-T,,QFN28_5X5_TRI,TMC2209,smt
94.54,-86.06,0.0,top,U9,TPD2E001DRLR,SOT-5X3-5 Texas Instruments,SOT50P160X60-5N,TPD2E001DRLR,smt
103.005,-68.51,0.0,top,VR1,LM3940IMP-3.3/NOPB,SOT-223-4 Texas Instruments,VREG_LM3940IMP-3.3_NOPB,LM3940IMP-3.3_NOPB,smt
