﻿Designator,Quantity,Value,Footprint,Package,MPN,DNP,Mount_Type,Description,LCSC,Sim.Device,Sim.Pins,Digikey,JLCPCB,MF,MAXIMUM_PACKAGE_HEIGHT,Price,Check_prices,STANDARD,PARTREV,SnapEDA_Link,MP,Description_1,Availability,MANUFACTURER,LSCS,Purchase-URL
", , , ",4,,d7d3f97e-8634-446f-a052-60447301ad40,,,,tht,,,,,,,,,,,,,,,,,,,
C1,1,100uF 24V,CP_Elec_6.3x5.8,,,,smt,Polarized capacitor,,,,,,,,,,,,,,,,,,
C10,1,10uF 47uF,C_0603_1608Metric,,,,smt,Unpolarized capacitor,,,,,,,,,,,,,,,,,,
"C11, C12",2,1uF 12V,C_0805_2012Metric,,,,smt,Unpolarized capacitor,,,,,,,,,,,,,,,,,,
"C13, C14",2,0.1uF,C_0603_1608Metric,,,,smt,,C14663,,,,,,,,,,,,,,,,,
"C15, C21, C22, C23, C24",5,0.1uF 12V,C_0603_1608Metric,,,,smt,Unpolarized capacitor,C14663,,,,,,,,,,,,,,,,,
"C16, C17, C19",3,10uF 12V,C_0603_1608Metric,,,,smt,Unpolarized capacitor,C96446,,,,,,,,,,,,,,,,,
"C18, C20, C36",3,0.1uF 12V,C_0402_1005Metric,,,,smt,Unpolarized capacitor,,,,,,,,,,,,,,,,,,
C2,1,10uF 24V,C_0805_2012Metric,,,,smt,Unpolarized capacitor,,,,,,,,,,,,,,,,,,
"C25, C26",2,10uF 12V,C_0805_2012Metric,,,,smt,Unpolarized capacitor,,,,,,,,,,,,,,,,,,
C27,1,2.2uF 10V,C_0603_1608Metric,,,,smt,Unpolarized capacitor,,,,,,,,,,,,,,,,,,
C28,1,0.1uF 10V,C_0603_1608Metric,,,,smt,Unpolarized capacitor,,,,,,,,,,,,,,,,,,
C29,1,22nF 50V,C_0603_1608Metric,,,,smt,Unpolarized capacitor,,,,,,,,,,,,,,,,,,
C3,1,0.1uF 16V,C_0603_1608Metric,,,,smt,Unpolarized capacitor,,,,,,,,,,,,,,,,,,
C30,1,4.7uF 10V,C_0805_2012Metric,,,,smt,Unpolarized capacitor,,,,,,,,,,,,,,,,,,
"C31, C32, C34",3,0.1uF 50V,C_0603_1608Metric,,,,smt,Unpolarized capacitor,,,,,,,,,,,,,,,,,,
C33,1,100uF 50V,CP_Elec_6.3x5.4,,,,smt,Unpolarized capacitor,,,,,,,,,,,,,,,,,,
C35,1,1uF 12V,C_0603_1608Metric,,,,smt,Unpolarized capacitor,C15849,,,,,,,,,,,,,,,,,
C37,1,100uF 12V,C_1206_3216Metric,,,,smt,Unpolarized capacitor,,,,,,,,,,,,,,,,,,
C4,1,3.3pF 16V,C_0402_1005Metric,,,,smt,Unpolarized capacitor,,,,,,,,,,,,,,,,,,
C5,1,47nF 12V,C_0603_1608Metric,,,,smt,Unpolarized capacitor,,,,,,,,,,,,,,,,,,
C6,1,47uF 16V,C_0603_1608Metric,,,,smt,Unpolarized capacitor,,,,,,,,,,,,,,,,,,
C7,1,0.47uF 12V,C_0603_1608Metric,,,,smt,Unpolarized capacitor,,,,,,,,,,,,,,,,,,
"C8, C9",2,47uF 12V,C_0603_1608Metric,,,,smt,[C8]Unpolarized capacitor; [C9]Polarized capacitor,,,,,,,,,,,,,,,,,,
D1,1,SS14,D_SMA,,,,smt,"40V 1A Schottky Diode, SMA",,,,,,,,,,,,,,,,,,
"D10, D11, D2",3,SMAJ15A,D_SMA,,,,smt,"400W unidirectional Transient Voltage Suppressor, 15.0Vr, SMA(DO-214AC)",,,,,,,,,,,,,,,,,,
D12,1,P0D,D_SMA,,,,smt,Diode,,D,1=K 2=A,,,,,,,,,,,,,,,
D13,1,P1D,D_SMA,,,,smt,Diode,,D,1=K 2=A,,,,,,,,,,,,,,,
D14,1,USB-LED,LED_0603_1608Metric,,,,smt,Light emitting diode,,,,,,,,,,,,,,,,,,
D3,1,D_Zener,D_SOD-123F,,,,smt,Zener diode,,,,,,,,,,,,,,,,,,
D4,1,12V-LED,LED_0805_2012Metric,,,,smt,Light emitting diode,,,,,,,,,,,,,,,,,,
D5,1,3V3-LED,LED_0805_2012Metric,,,,smt,Light emitting diode,,,,,,,,,,,,,,,,,,
D6,1,BUCK-LED,LED_0603_1608Metric,,,,smt,Light emitting diode,,,,,,,,,,,,,,,,,,
D7,1,SYS-LED,LED_WS2812B_PLCC4_5.0x5.0mm_P3.2mm,,,,smt,Adressable RGB LED,,,,1568-COM-16347CT-ND,,,,,,,,,,,,,,
D8,1,WIFI-LED,LED_0805_2012Metric,,,,smt,Light emitting diode,,,,,,,,,,,,,,,,,,
D9,1,DEBUG-LED,LED_0805_2012Metric,,,,smt,Light emitting diode,,,,,,,,,,,,,,,,,,
F1,1,Polyfuse,FUSC3226X125N,,,,smt,1210L110/16WR PTC Resettable Fuse,,,,,,,,,,,,,,,,,,
J1,1,Barrel_Jack,BarrelJack_Horizontal,,,,tht,DC Barrel Jack,,,,,,,,,,,,,,,,,,
J2,1,USB_C_Female_USB2_Small,USB_C_DB-108PWB,,,,smt,USB-C Connector,,,,,C5178541,,,,,,,,,,,,,
J3,1,SMS-CONN-0,CONN03_530480310_MOL,,,,tht,"Generic connector, single row, 01x03, script generated (kicad-library-utils/schlib/autogen/connector/)",,,,,,,,,,,,,,,,,,
J4,1,SMS-CONN-1,CONN03_530480310_MOL,,,,tht,"Generic connector, single row, 01x03, script generated (kicad-library-utils/schlib/autogen/connector/)",,,,,,,,,,,,,,,,,,
J5,1,ALS_CONN,MOLEX_530480410,,,,tht,"Generic connector, single row, 01x04, script generated (kicad-library-utils/schlib/autogen/connector/)",,,,,,,,,,,,,,,,,,
J6,1,PUMP0-CONN,MOLEX_530480210,,,,tht,"Generic connector, single row, 01x02, script generated (kicad-library-utils/schlib/autogen/connector/)",,,,,,,,,,,,,,,,,,
J7,1,PUMP1-CONN,MOLEX_530480210,,,,tht,"Generic connector, single row, 01x02, script generated (kicad-library-utils/schlib/autogen/connector/)",,,,,,,,,,,,,,,,,,
J8,1,STEP-CONN,MOLEX_530480410,,,,tht,"Generic connector, single row, 01x04, script generated (kicad-library-utils/schlib/autogen/connector/)",,,,,,,,,,,,,,,,,,
L1,1,L,IND_VLS3015CX-220M-1,,,,smt,Inductor,,,,,,,,,,,,,,,,,,
Q1,1,DMP6023LE-13,SOT-223,,,,smt,"-27A Id, -60V Vds, QFET P-Channel MOSFET, TO-220",,,,,,,,,,,,,,,,,,
"Q2, Q3",2,IRLZ44N,SOT-23,TO-220 Infineon,,,smt,,,,,,,Infineon Technologies,19.3mm,None,https://www.snapeda.com/parts/IRLZ44N/Infineon/view-part/?ref=eda,IPC-7351B,11/11/03,https://www.snapeda.com/parts/IRLZ44N/Infineon/view-part/?ref=snap,IRLZ44N,"
                        
                            N-Channel 55 V 47A (Tc) 3.8W (Ta), 110W (Tc) Surface Mount D2PAK
                        
",Not in stock,Infineon,,
R1,1,15k,R_0402_1005Metric,,,,smt,Resistor,,,,,,,,,,,,,,,,,,
"R10, R11",2,5.1k,R_0603_1608Metric,,,,smt,Resistor,C23186,,,,,,,,,,,,,,,,,
"R12, R13, R14",3,4.7k,R_0402_1005Metric,,,,smt,Resistor,,,,,,,,,,,,,,,,,,
"R15, R16, R27",3,1k,R_0402_1005Metric,,,,smt,Resistor,,,,,,,,,,,,,,,,,,
"R17, R18, R21, R23",4,1k,R_0603_1608Metric,,,,smt,Resistor,,,,,,,,,,,,,,,,,,
"R19, R20, R22, R24",4,10k,R_0603_1608Metric,,,,smt,Resistor,,,,,,,,,,,,,,,,,,
"R2, R3",2,100k,R_0402_1005Metric,,,,smt,[R2]Gate Pull-Down Resistor; [R3]Resistor,,,,,,,,,,,,,,,,,,
"R25, R26",2,0.11,R_1206_3216Metric,,,,smt,Resistor,,,,,,,,,,,,,,,,,,
"R28, R9",2,1.5k,R_0402_1005Metric,,,,smt,Resistor,,,,,,,,,,,,,,,,,,
R29,1,10k,R_0402_1005Metric,,,,smt,Resistor,,,,,,,,,,,,,,,,,C25804,
"R30, R7, R8",3,330,R_0402_1005Metric,,,,smt,Resistor,,,,,,,,,,,,,,,,,,
"R4, R5",2,4.7K,R_0603_1608Metric,,,,smt,[R4]Resistor; [R5]Current Limiting Resistor,,,,,,,,,,,,,,,,,,
R6,1,450,R_0402_1005Metric,,,,smt,Current Limiting Resistor,,,,,,,,,,,,,,,,,,
SW1,1,SW_RESET,SW_PUSH_6mm,,,,tht,"Push button switch, generic, two pins",,,,,,,,,,,,,,,,,,
SW2,1,SW_BOOT,SW_PUSH_6mm,,,,tht,"Push button switch, generic, two pins",,,,,,,,,,,,,,,,,,
TP1,1,TX,TestPoint_Pad_1.0x1.0mm,,,,tht,test point,,,,,,,,,,,,,,,,,,
TP2,1,RX,TestPoint_Pad_1.0x1.0mm,,,,tht,test point,,,,,,,,,,,,,,,,,,
TP3,1,TP_5V-U,TestPoint_Pad_1.0x1.0mm,,,,tht,test point,,,,,,,,,,,,,,,,,,
TP4,1,TP_12V,TestPoint_Pad_1.0x1.0mm,,,,tht,test point,,,,,,,,,,,,,,,,,,
TP5,1,TP_3V3,TestPoint_Pad_1.0x1.0mm,,,,tht,test point,,,,,,,,,,,,,,,,,,
TP6,1,TP-5V-B,TestPoint_Pad_1.0x1.0mm,,,,tht,test point,,,,,,,,,,,,,,,,,,
U1,1,ESP32-S3-WROOM-1,ESP32-S3-WROOM-1,,,,smt,"RF Module, ESP32-S3 SoC, Wi-Fi 802.11b/g/n, Bluetooth, BLE, 32-bit, 3.3V, onboard antenna, SMD",,,,,,,,,,,,,,,,,,
U2,1,TPS5405DR,SOIC127P599X175-8N,SOIC-8 Texas Instruments,,,smt,Buck Converter IC (Fixed Vout 5V),,,,,,Texas Instruments,,None,https://www.snapeda.com/parts/TPS5405DR/Texas+Instruments/view-part/?ref=eda,,,https://www.snapeda.com/parts/TPS5405DR/Texas+Instruments/view-part/?ref=snap,TPS5405DR,"
                        
                            6.5V to 28V Input, 5V Fixed Output at 2A Step-Down Regulator with Intregrated MosFET
                        
",In Stock,,,https://www.snapeda.com/api/url_track_click_mouser/?unipart_id=801767&manufacturer=Texas Instruments&part_name=TPS5405DR&search_term=None
"U3, U4",2,ID_LM66100DCKR,SC-70-6,,,,smt,,,,,,C2869734,,,,,,,,,,,,,
U5,1,ADS1115IDGS,TSSOP-10_3x3mm_P0.5mm,,,,smt,"Ultra-Small, Low-Power, I2C-Compatible, 860-SPS, 16-Bit ADCs With Internal Reference, Oscillator, and Programmable Comparator, VSSOP-10",,,,,,,,,,,,,,,,,,
"U6, U7",2,SI2301,TO-236_VIS,,,,smt,P-Channel Mosfet,,,,,,,,,,,,,,,,,,
U8,1,TMC2209,QFN28_5X5_TRI,,,,smt,Stepper Motor Driver,,,,,,,,,,,,,,,,,,
VR1,1,LM3940IMP-3.3_NOPB,VREG_LM3940IMP-3.3_NOPB,SOT-223-4 Texas Instruments,,,smt,,,,,,,Texas Instruments,1.80 mm,None,https://www.snapeda.com/parts/LM3940IMP-3.3/NOPB/Texas+Instruments/view-part/?ref=eda,Manufacturer Recommendations,G,https://www.snapeda.com/parts/LM3940IMP-3.3/NOPB/Texas+Instruments/view-part/?ref=snap,LM3940IMP-3.3/NOPB,"
                        
                            1-A, low-dropout voltage regulator for 5-V to 3.3-V conversion
                        
",In Stock,Texas Instruments,,https://www.snapeda.com/api/url_track_click_mouser/?unipart_id=21630&manufacturer=Texas Instruments&part_name=LM3940IMP-3.3/NOPB&search_term=None
