﻿pos_x,pos_y,rotation,side,designator,mpn,pack,footprint,value,mount_type
206.6,-114.37,90.0,top,,,,8015679e-dc4f-44c7-bd8c-2f6e597557b6,,tht
191.5,-67.152651,90.0,top,C1,ECA-1VM470I,,CP_Radial_D5.0mm_P2.50mm,47µF 35V,tht
99.11,-118.87,0.0,top,C10,EMK105BJ104KV-F ,,C_0402_1005Metric,0.1µF 16V,smt
86.0552,-68.9864,0.0,top,C11,GMK105BJ104KV-F,,C_0402_1005Metric,0.1µF 35V,smt
180.5,-119.0,0.0,top,C12,ECA-1VM470I,,CP_Radial_D5.0mm_P2.50mm,47µF 35V,tht
198.52,-119.5,0.0,top,C13,EMK105BJ104KV-F ,,C_0402_1005Metric,0.1µF 16V,smt
71.092,-123.952,0.0,top,C14,EMK105BJ104KV-F ,,C_0402_1005Metric,0.1µF 16V,smt
124.996,-107.188,0.0,top,C15,EMK105BJ104KV-F ,,C_0402_1005Metric,0.1µF 16V,smt
109.89,-123.75,0.0,top,C16,  EMK105BJ223KV-F,,C_0402_1005Metric,22nF 16V,smt
191.5,-76.5,90.0,top,C2,ECA-1VM470I,,CP_Radial_D5.0mm_P2.50mm,47µF 35V,tht
183.85,-72.79,90.0,top,C3,GMK105BJ104KV-F,,C_0402_1005Metric,0.1µF 35V,smt
203.28,-115.3,180.0,top,C4,  EMK105BJ223KV-F,,C_0402_1005Metric,0.1µF 16V,smt
95.46,-62.89,0.0,top,C7,EMK105BJ104KV-F ,,C_0402_1005Metric,0.1µF 16V,smt
126.810888,-118.872,0.0,top,C9,ECA-1VM101,,CP_Radial_D5.0mm_P2.50mm,100µF 35V,tht
204.27,-81.415,90.0,top,D1,IN-S42BT5G,,LED_0402_1005Metric,PWR-IN-LED,smt
126.9,-88.33,0.0,top,D2,LTST-C150TBKT,,LED_1206_3216Metric,WIFI-LED,smt
104.09,-118.79,0.0,top,D3,XZFRS54FVF-1,,LED_0805_2012Metric,LOGIC-LED3,smt
136.7155,-118.379,0.0,top,D4,17-21SYGC/S530-E3/TR8,,LED_0805_2012Metric,LOGIC-LED1,smt
142.83,-88.12,0.0,top,D5,IN-S85ATA,,LED_1206_3216Metric,LOGIC-LED2,smt
170.525,-70.11,-90.0,top,J1,  1989447,,"TerminalBlock_Phoenix_MKDS-1,5-2_1x02_P5.00mm_Horizontal",BUCK-IN-SCREW-5V,tht
107.96,-109.36,90.0,top,J10,TSW-102-07-G-S,,PinHeader_1x02_P1.00mm_Vertical,TP_12V,tht
106.515,-75.04,90.0,top,J2,  1989447,,"TerminalBlock_Phoenix_MKDS-1,5-2_1x02_P5.00mm_Horizontal",BUCK-OUT-SCREW-5V,tht
181.27,-131.845,0.0,top,J3,  1989447,,"TerminalBlock_Phoenix_MKDS-1,5-2_1x02_P5.00mm_Horizontal",12V-SCREW,tht
195.64,-131.86,0.0,top,J4,  1989447,,"TerminalBlock_Phoenix_MKDS-1,5-2_1x02_P5.00mm_Horizontal",5V-SCREW,tht
81.1144,-78.253,0.0,top,J5,1985878,,"TerminalBlock_Phoenix_MKDS-1,5-3_1x03_P5.00mm_Horizontal",RELAY-SCREW,tht
100.2,-132.14,0.0,top,J6,1985878,,"TerminalBlock_Phoenix_MKDS-1,5-3_1x03_P5.00mm_Horizontal",CAP-SENSOR-SCREW,tht
131.53,-132.2,0.0,top,J7,1985878,,"TerminalBlock_Phoenix_MKDS-1,5-4-5.08_1x04_P5.08mm_Horizontal",STEPPER-SCREW,tht
68.62,-133.401,0.0,top,J8,1932410,,"TerminalBlock_Phoenix_MKDS-1,5-2_1x02_P5.00mm_Horizontal",PMP-PWR-SCREW,tht
101.2,-109.39,90.0,top,J9,TSW-102-07-G-S,,PinHeader_1x02_P1.00mm_Vertical,TP_5V,tht
197.152,-70.74,180.0,top,P1,54-00134,,BarrelJack_Horizontal,BARREL-JACK,tht
198.628,-81.5875,90.0,top,R1,ERJ-6ENF2001V,,R_0805_2012Metric,2000 Ω,smt
130.9,-88.33,0.0,top,R2,ERA-2AED221X,,R_0402_1005Metric,220 Ω,smt
109.15,-118.83,0.0,top,R3,ERA-2AED221X,,R_0402_1005Metric,220 Ω,smt
143.258,-118.364,0.0,top,R4,ERA-2AED221X,,R_0402_1005Metric,220 Ω,smt
146.85,-88.13,0.0,top,R5,ERA-2AED221X,,R_0402_1005Metric,220 Ω,smt
109.93,-122.11,0.0,top,R6,ERJ-2RKF6800X,,R_0402_1005Metric,680 Ω,smt
179.272,-100.2,90.0,top,U1,ESP32-DevKitC-32E,None,MODULE_ESP32-DEVKITC-32D,ESP32-DEVKITC-32E,tht
138.43,-100.838,-90.0,top,U2,  2986,None,MODULE_A4988_STEPPER_MOTOR_DRIVER_CARRIER,A4988-DRIVER-MODULE,tht
