﻿Designator,Quantity,Value,Footprint,Package,MPN,DNP,Mount_Type,Description,Purchase
C1,1,1uF,C_0805_2012Metric,,C0805C104K5RACTU,,smt,Unpolarized capacitor,Yes
C2,1,10uF,C_0805_2012Metric,,CL21B106KOQNNNE,,smt,Unpolarized capacitor,Yes
C3,1,0.1uF,C_0805_2012Metric,,CL21B104KBCNNNC,,smt,Unpolarized capacitor,Yes
D1,1,LED,LED_0603_1608Metric,,,,smt,Light emitting diode,
J1,1,Conn_01x04,CONN4_S04B-PASK_JST,,S04B-PASK-2,,tht,"Generic connector, single row, 01x04, script generated (kicad-library-utils/schlib/autogen/connector/)",Yes
R1,1,470,R_0402_1005Metric,,,,smt,Resistor,
U1,1,TSL25911FN,lux-TSL2591,,TSL25911FN,,smt,Light Sensor,Yes
U2,1,TPD3E001DRLR,SOT-553,,TPD3E001DRLR,,smt,TPD3E001 Low-Capacitance 3-Channel ESD-Protection for High-Speed Data Interfaces,Yes
