﻿pos_x,pos_y,rotation,side,designator,mpn,pack,footprint,value,mount_type
131.89,-56.75,180.0,top,C1,C0805C104K5RACTU,,C_0805_2012Metric,1uF,smt
141.16,-50.92,0.0,top,C2,CL21B106KOQNNNE,,C_0805_2012Metric,10uF,smt
141.15,-53.11,0.0,top,C3,CL21B104KBCNNNC,,C_0805_2012Metric,0.1uF,smt
138.55,-51.050002,-90.0,bottom,J1,S04B-PASK-2,,CONN4_S04B-PASK_JST,Conn_01x04,tht
132.940014,-53.5145,-90.0,top,U1,TSL25911FN,,lux-TSL2591,TSL25911FN,smt
136.21,-53.67,180.0,top,U2,TPD3E001DRLR,,SOT-553,TPD3E001DRLR,smt
