﻿pos_x,pos_y,rotation,side,designator,mpn,pack,footprint,value,mount_type
100.94,-79.93,0.0,top,C1,C0805C104K5RACTU,,C_0805_2012Metric,1uF,smt
90.08,-76.8,180.0,top,C2,CL21B106KOQNNNE,,C_0805_2012Metric,10uF,smt
90.08,-78.79,180.0,top,C3,CL21B104KBCNNNC,,C_0805_2012Metric,0.1uF,smt
97.67,-84.53,180.0,top,D1,,,LED_0603_1608Metric,LED,smt
94.420002,-73.869999,0.0,bottom,J1,S04B-PASK-2,,CONN4_S04B-PASK_JST,Conn_01x04,tht
95.37,-84.34,90.0,top,R1,,,R_0402_1005Metric,470,smt
97.257,-79.800014,0.0,top,U1,TSL25911FN,,lux-TSL2591,TSL25911FN,smt
97.8,-76.64,0.0,top,U2,TPD3E001DRLR,,SOT-553,TPD3E001DRLR,smt
