﻿pos_x,pos_y,rotation,side,designator,mpn,pack,footprint,value,mount_type
132.45,-55.77,180.0,top,C1,CL05A105KP5NNNC,,C_0402_1005Metric,1uF,smt
141.2,-50.93,0.0,top,C2,CL10A106KP8NNNC,,C_0603_1608Metric,10uF,smt
141.21,-52.45,0.0,top,C3,CC0603KRX7R9BB104,,C_0603_1608Metric,0.1uF,smt
138.55,-51.050002,-90.0,bottom,J1,N/A,,CONN4_S04B-PASK_JST,Conn_01x04,tht
132.940014,-53.5145,-90.0,top,U1,TSL25911FN,,lux-TSL2591,TSL25911FN,smt
136.21,-53.67,180.0,top,U2,TPD3E001DRLR,,SOT-553,TPD3E001DRLR,smt
