﻿Designator,Quantity,Value,Footprint,Package,MPN,DNP,Mount_Type,Description
C1,1,1uF,C_0402_1005Metric,,,,smt,Unpolarized capacitor
C2,1,10uF,C_0402_1005Metric,,,,smt,Unpolarized capacitor
J1,1,Conn_01x04,MOLEX_530480410,,,,tht,"Generic connector, single row, 01x04, script generated (kicad-library-utils/schlib/autogen/connector/)"
"R1, R2",2,2.2k,R_0402_1005Metric,,,,smt,Resistor
U1,1,TSL25911FN,lux-TSL2591,,,,smt,Light Sensor
U2,1,TPD3E001DRLR,SOT-553,,,,smt,TPD3E001 Low-Capacitance 3-Channel ESD-Protection for High-Speed Data Interfaces
