﻿Designator,Quantity,Value,Footprint,Package,MPN,DNP,Mount_Type,Description,Purchase
C1,1,1uF,C_0402_1005Metric,,CL05A105KP5NNNC,,smt,Unpolarized capacitor,Yes
C2,1,10uF,C_0603_1608Metric,,CL10A106KP8NNNC,,smt,Unpolarized capacitor,Yes
C3,1,0.1uF,C_0603_1608Metric,,CC0603KRX7R9BB104,,smt,Unpolarized capacitor,Yes
J1,1,Conn_01x04,CONN4_S04B-PASK_JST,,N/A,,tht,"Generic connector, single row, 01x04, script generated (kicad-library-utils/schlib/autogen/connector/)",No
U1,1,TSL25911FN,lux-TSL2591,,TSL25911FN,,smt,Light Sensor,Yes
U2,1,TPD3E001DRLR,SOT-553,,TPD3E001DRLR,,smt,TPD3E001 Low-Capacitance 3-Channel ESD-Protection for High-Speed Data Interfaces,Yes
